date,ticker,open,high,low,close,volume,return_linear,sent_mean,sent_median,sent_std,sent_count
2025-05-02,BOVA11.SA,131.6199951171875,132.1199951171875,131.1699981689453,131.85000610351562,5741260.0,,-0.2042806583933713,-0.417327657341957,0.5872834593190259,82
2025-05-05,BOVA11.SA,131.7899932861328,132.10000610351562,130.27999877929688,130.33999633789062,3325658.0,-0.011452481575461526,-0.064029831400043,0.05,0.5968150612442864,76
2025-05-06,BOVA11.SA,130.8699951171875,131.02999877929688,130.13999938964844,130.3800048828125,4659894.0,0.00030695524049395573,-0.0381921760737895,0.05,0.6425601992837874,80
2025-05-07,BOVA11.SA,130.94000244140625,130.99000549316406,129.72000122070312,130.2100067138672,3107370.0,-0.0013038668705228629,0.0166366724967956,0.05,0.6134754776598542,75
2025-05-08,BOVA11.SA,132.6300048828125,134.47000122070312,132.50999450683594,133.0399932861328,5772982.0,0.02173401755891491,0.1810091387534487,0.05,0.5419659661998616,69
2025-05-09,BOVA11.SA,133.5500030517578,134.02999877929688,132.9499969482422,133.24000549316406,7205629.0,0.001503399106470793,0.0358230233192443,0.05,0.6003054327514431,83
2025-05-12,BOVA11.SA,134.27999877929688,134.35000610351562,133.13999938964844,133.38999938964844,5031648.0,0.0011257421967914016,0.0853099163574508,0.05,0.5835529232989949,79
2025-05-13,BOVA11.SA,133.89999389648438,136.27999877929688,133.77000427246094,135.61000061035156,10001857.0,0.01664293598366573,-0.1415796971804387,0.05,0.6312844864748405,74
2025-05-14,BOVA11.SA,135.57000732421875,135.99000549316406,134.99000549316406,135.19000244140625,10297464.0,-0.0030971032155076017,-0.0444136488437652,0.05,0.5664571664750314,80
2025-05-15,BOVA11.SA,135.14999389648438,136.44000244140625,135.1300048828125,136.07000732421875,6874103.0,0.006509393201571401,0.0497742593288421,0.05,0.6264061755899514,84
2025-05-16,BOVA11.SA,134.97999572753906,136.11000061035156,134.4499969482422,136.11000061035156,10660550.0,0.00029391698375902386,-0.1917457776864369,0.05,0.6032102544561841,75
2025-05-19,BOVA11.SA,135.6999969482422,136.97999572753906,135.3800048828125,136.4199981689453,4123908.0,0.002277551665591293,-0.1917682505448659,0.05,0.5414009811448814,75
2025-05-20,BOVA11.SA,136.5399932861328,137.0500030517578,135.75,136.83999633789062,3465298.0,0.003078714078453393,-0.1210409664127924,0.05,0.5543624020308487,73
2025-05-21,BOVA11.SA,136.38999938964844,136.4199981689453,134.33999633789062,134.58999633789062,3912091.0,-0.01644256109481479,-0.2007592396438121,0.05,0.5094221180897864,40
2025-05-22,BOVA11.SA,134.82000732421875,135.67999267578125,133.83999633789062,134.0500030517578,6065741.0,-0.004012135380233928,-0.2492010481082476,-0.5213594436645508,0.5439165049313581,78
2025-05-23,BOVA11.SA,132.25999450683594,134.6300048828125,131.8000030517578,134.47000122070312,5062985.0,0.0031331455381105044,-0.2694647185313396,-0.4837163984775543,0.536407013265461,39
2025-05-26,BOVA11.SA,134.55999755859375,135.72000122070312,134.52000427246094,135.00999450683594,3834088.0,0.00401571563345593,-0.2611279706896087,-0.4713955223560333,0.513873332476145,81
2025-05-27,BOVA11.SA,136.64999389648438,137.19000244140625,136.14999389648438,136.4600067138672,5172279.0,0.01074003604198226,-0.1961248819704179,0.05,0.5494151054502018,77
2025-05-28,BOVA11.SA,135.97999572753906,136.10000610351562,135.39999389648438,135.7100067138672,3717190.0,-0.005496115807561264,-0.147664471467336,0.05,0.5523320343203898,84
2025-05-29,BOVA11.SA,135.6999969482422,135.92999267578125,134.77000427246094,135.36000061035156,4519155.0,-0.0025790736585370455,-0.1527419132430378,0.05,0.5182290726883627,82
2025-05-30,BOVA11.SA,135.22999572753906,135.42999267578125,133.50999450683594,133.99000549316406,5037477.0,-0.010121122274010519,-0.242849413915114,-0.5353474020957947,0.5661329950496106,77
2025-06-02,BOVA11.SA,135.02999877929688,135.60000610351562,133.3300018310547,133.60000610351562,3143725.0,-0.0029106603004679377,-0.1687929669471636,0.05,0.5384957843048761,73
2025-06-03,BOVA11.SA,133.50999450683594,134.57000732421875,133.0500030517578,134.39999389648438,4421313.0,0.005987932308542776,-0.2201077720393305,0.05,0.5282434198818976,69
2025-06-04,BOVA11.SA,135.00999450683594,135.63999938964844,133.6300048828125,133.80999755859375,4990188.0,-0.0043898539039000095,-0.2026836536147377,-0.1796126872301101,0.5645050293710313,66
2025-06-05,BOVA11.SA,134.11000061035156,134.39999389648438,132.91000366210938,133.25,4926223.0,-0.004185020318444699,-0.2644152033787507,-0.1438603162765503,0.4766296674192889,78
2025-06-06,BOVA11.SA,133.47000122070312,133.86000061035156,132.49000549316406,133.05999755859375,8299346.0,-0.0014259095039869107,-0.1903623272846271,0.05,0.540906403250371,77
2025-06-09,BOVA11.SA,132.61000061035156,132.94000244140625,131.07000732421875,132.72999572753906,5320983.0,-0.002480097979179474,-0.2160405825409624,0.05,0.4871006636319214,72
2025-06-10,BOVA11.SA,133.67999267578125,134.32000732421875,133.0,133.35000610351562,5714411.0,0.004671215218369218,-0.1439511987992695,0.05,0.6083658228507073,70
2025-06-11,BOVA11.SA,133.0,134.42999267578125,132.50999450683594,133.97000122070312,4996750.0,0.004649381993325319,-0.2080753698542311,-0.5211829543113708,0.5911926806591024,74
2025-06-12,BOVA11.SA,133.13999938964844,134.85000610351562,133.02999877929688,134.66000366210938,3017576.0,0.005150424984094348,-0.1684456537307148,0.05,0.5840140394954664,71
2025-06-13,BOVA11.SA,134.0,134.60000610351562,133.39999389648438,133.99000549316406,6901899.0,-0.0049754801034053164,-0.2102663674137809,-0.413237452507019,0.6005714176816769,77
2025-06-16,BOVA11.SA,135.1699981689453,136.8699951171875,135.14999389648438,136.07000732421875,7774867.0,0.015523559562513833,-0.2241780963612765,-0.4595759361982345,0.576267130911941,82
2025-06-17,BOVA11.SA,136.0399932861328,136.41000366210938,135.1699981689453,135.52000427246094,5284805.0,-0.004042059397022735,-0.2056474822231486,0.05,0.5505732009279074,79
2025-06-18,BOVA11.SA,135.58999633789062,136.0800018310547,135.3000030517578,135.4199981689453,8894582.0,-0.0007379434796546125,-0.2150219477487333,0.05,0.4939246624971472,66
2025-06-20,BOVA11.SA,134.61000061035156,135.0,133.74000549316406,133.89999389648438,5885813.0,-0.011224370794663763,-0.2386130113106269,-0.4957641959190368,0.5804319200211191,77
2025-06-23,BOVA11.SA,134.02999877929688,134.11000061035156,132.8000030517578,133.47000122070312,7548143.0,-0.0032112972022513286,-0.1411535323460896,0.05,0.5255664826098387,75
2025-06-24,BOVA11.SA,133.5399932861328,135.05999755859375,133.13999938964844,134.07000732421875,7467005.0,0.004495437911351097,-0.1854962251981099,0.05,0.5567259338238291,75
2025-06-25,BOVA11.SA,133.24000549316406,133.52999877929688,132.52000427246094,132.5500030517578,6663014.0,-0.011337392328062967,-0.1697090753225179,0.05,0.5766560857933837,65
2025-06-26,BOVA11.SA,133.3699951171875,134.2899932861328,132.94000244140625,133.9600067138672,7773826.0,0.010637522668021315,-0.1600144594510396,0.05,0.5705052355374594,75
2025-06-27,BOVA11.SA,133.42999267578125,134.19000244140625,133.3699951171875,133.7899932861328,3731569.0,-0.0012691357062821762,-0.1253523718427728,0.05,0.5588799124115434,81
2025-06-30,BOVA11.SA,133.55999755859375,136.0399932861328,133.41000366210938,135.85000610351562,4715665.0,0.015397360944455096,-0.0028061662171338,0.05,0.594981825665161,74
2025-07-01,BOVA11.SA,135.97999572753906,136.6699981689453,135.77999877929688,136.52000427246094,2903180.0,0.004931896494982713,-0.0387927923351526,0.05,0.5641140479763636,64
2025-07-02,BOVA11.SA,136.58999633789062,136.8000030517578,135.25,135.91000366210938,3619807.0,-0.004468214117061886,-0.2375709094784476,-0.4607737064361572,0.5648054891752253,66
2025-07-03,BOVA11.SA,136.4499969482422,138.14999389648438,136.08999633789062,137.9199981689453,3879378.0,0.014789157918301932,-0.0525859242991397,0.05,0.579819531545086,76
2025-07-04,BOVA11.SA,137.38999938964844,138.4499969482422,137.38999938964844,138.1300048828125,5528911.0,0.0015226705093915882,-0.1656600589483556,0.05,0.4907381727464983,71
2025-07-07,BOVA11.SA,138.0500030517578,138.08999633789062,136.1699981689453,136.4499969482422,3691359.0,-0.012162512670549797,-0.2981928975217872,-0.5607186853885651,0.5306927777848433,72
2025-07-08,BOVA11.SA,136.33999633789062,136.39999389648438,135.66000366210938,136.14999389648438,2574588.0,-0.0021986299631183703,-0.1808743180433909,0.05,0.5256105816041058,75
2025-07-09,BOVA11.SA,135.94000244140625,135.94000244140625,134.11000061035156,134.11000061035156,8538960.0,-0.01498342546885334,-0.3330392951170604,-0.5558238625526428,0.4631545435162025,75
2025-07-10,BOVA11.SA,133.0,134.02999877929688,132.92999267578125,133.61000061035156,5335029.0,-0.0037282827359961246,-0.2654003801378044,-0.549200177192688,0.5330685549046588,74
2025-07-11,BOVA11.SA,133.5,133.5,132.52999877929688,133.5,4964400.0,-0.0008232962341820915,-0.2522656444000871,-0.587086021900177,0.5432792249429168,73
2025-07-14,BOVA11.SA,132.8800048828125,132.88999938964844,131.85000610351562,132.08999633789062,4839858.0,-0.010561825184339901,-0.2501610483208747,-0.489202618598938,0.5166211312585834,73
2025-07-15,BOVA11.SA,132.77999877929688,132.97000122070312,131.35000610351562,132.3699951171875,5716437.0,0.002119757642968123,-0.2508984928399744,-0.5296580791473389,0.552925507961326,71
2025-07-16,BOVA11.SA,132.22000122070312,132.64999389648438,131.27999877929688,132.39999389648438,6592146.0,0.00022662824207486665,-0.1863019319487289,0.05,0.571841417693224,71
2025-07-17,BOVA11.SA,132.6699981689453,132.77999877929688,132.00999450683594,132.47000122070312,3403032.0,0.0005287562495923659,-0.2523736978188539,-0.5504583716392517,0.5551549257123158,78
2025-07-18,BOVA11.SA,131.27999877929688,132.19000244140625,130.3000030517578,130.3000030517578,6597946.0,-0.01638105343812868,-0.3100045021990655,-0.5774415731430054,0.5355265863868551,71
2025-07-21,BOVA11.SA,130.64999389648438,131.88999938964844,130.64999389648438,131.1999969482422,4533839.0,0.006907090371493618,-0.2537362509790589,-0.5390523374080658,0.5835062267202485,68
2025-07-22,BOVA11.SA,131.75999450683594,132.27999877929688,129.99000549316406,131.14999389648438,4538075.0,-0.00038112083018981835,-0.3342506437118236,-0.6384537220001221,0.4996488803683987,65
2025-07-23,BOVA11.SA,130.89999389648438,132.75999450683594,130.64999389648438,132.38999938964844,3129788.0,0.00945486504667925,-2.271665467155749e-05,0.05,0.6551304864802199,72
2025-07-24,BOVA11.SA,131.57000732421875,131.57000732421875,130.69000244140625,130.77999877929688,3916773.0,-0.01216104401974527,-0.2218080962449312,-0.403147742152214,0.5437239487929054,80
2025-07-25,BOVA11.SA,130.99000549316406,131.1999969482422,130.3000030517578,130.4499969482422,3619992.0,-0.002523335633391466,-0.2579743669221275,-0.4301239550113678,0.4904352547255338,76
2025-07-28,BOVA11.SA,130.5,130.72000122070312,128.6999969482422,129.25,3943153.0,-0.00919890361299358,-0.0939768322416254,0.05,0.5241904322920397,74
2025-07-29,BOVA11.SA,129.25,130.42999267578125,129.1999969482422,129.5,4698897.0,0.0019342359767891004,-0.1586960569233961,0.05,0.5518300617943082,71
2025-07-30,BOVA11.SA,129.02000427246094,132.1999969482422,128.9600067138672,130.92999267578125,6126767.0,0.01104241448479737,-0.0757279568835149,0.05,0.5851944132259016,79
2025-07-31,BOVA11.SA,129.3699951171875,130.52999877929688,129.0800018310547,129.8800048828125,4106736.0,-0.008019459647941818,-0.157570571012986,0.05,0.5924566573242322,78
2025-08-01,BOVA11.SA,131.61000061035156,131.8699951171875,129.1999969482422,129.57000732421875,3674664.0,-0.0023867997146554965,-0.1257942148267406,0.05,0.5428351984519814,73
2025-08-04,BOVA11.SA,130.74000549316406,131.0,129.5399932861328,130.0,2924525.0,0.0033186127303774793,-0.160497707846653,-0.3649916052818298,0.5935099990162664,83
2025-08-05,BOVA11.SA,129.9600067138672,131.27999877929688,129.77999877929688,130.16000366210938,2816372.0,0.0012307974008414213,-0.1593373161156972,0.05,0.5920123522371828,75
2025-08-06,BOVA11.SA,131.02000427246094,132.24000549316406,131.02000427246094,131.49000549316406,4891658.0,0.010218206773467298,,,,0
2025-08-07,BOVA11.SA,132.11000061035156,133.9499969482422,132.11000061035156,133.52000427246094,8358557.0,0.015438426454415177,-0.0126284619657004,0.05,0.6339133274548341,82
2025-08-08,BOVA11.SA,133.36000061035156,133.60000610351562,132.5800018310547,132.91000366210938,4351216.0,-0.004568608379511452,-0.1078880592600091,0.05,0.5627503147751037,77
2025-08-11,BOVA11.SA,132.52999877929688,133.2899932861328,132.4499969482422,132.5,3229323.0,-0.0030848216899588277,-0.0433206958301139,0.05,0.5793392594362173,66
2025-08-12,BOVA11.SA,134.16000366210938,135.36000061035156,134.16000366210938,135.10000610351562,8271166.0,0.01962268757370289,-0.2267084569523208,-0.5208126604557037,0.5967006299576955,76
2025-08-13,BOVA11.SA,134.32000732421875,134.64999389648438,133.6199951171875,133.66000366210938,5346125.0,-0.010658788870097413,-0.0712100171181092,0.05,0.6176050555745278,83
2025-08-14,BOVA11.SA,132.92999267578125,134.52999877929688,132.69000244140625,133.36000061035156,4263444.0,-0.0022445237433647014,0.1275090160249155,0.05,0.6364497382257751,79
2025-08-15,BOVA11.SA,133.22000122070312,133.57000732421875,132.69000244140625,133.55999755859375,10216210.0,0.0014996771695174882,-0.1886905635197957,0.05,0.5578595992838818,75
2025-08-18,BOVA11.SA,133.7899932861328,134.94000244140625,133.6199951171875,134.3300018310547,4133988.0,0.0057652312558864605,-0.0891635708118739,0.05,0.5746118498914502,76
2025-08-19,BOVA11.SA,132.8300018310547,132.88999938964844,131.1699981689453,131.1699981689453,7544379.0,-0.02352418386834887,-0.2162888858691755,0.05,0.4874151099269771,83
2025-08-20,BOVA11.SA,131.39999389648438,132.1300048828125,131.22000122070312,131.8000030517578,1983546.0,0.004802964790782793,-0.231309741964707,0.05,0.5139317157474537,78
2025-08-21,BOVA11.SA,131.05999755859375,132.10000610351562,131.0,131.6300048828125,2072659.0,-0.0012898191578838425,-0.1277842475817753,0.05,0.5850167166503111,78
2025-08-22,BOVA11.SA,132.1699981689453,135.27000427246094,132.14999389648438,135.14999389648438,7227115.0,0.026741539794104208,-0.1456371745547732,0.05,0.5577840634297095,74
2025-08-25,BOVA11.SA,135.74000549316406,136.0,135.11000061035156,135.11000061035156,3739175.0,-0.0002959177797924317,-0.1668244383335113,0.05,0.5446530394319523,75
2025-08-26,BOVA11.SA,135.0500030517578,135.2100067138672,134.1699981689453,134.94000244140625,3641902.0,-0.0012582204735205327,-0.116956033175056,0.05,0.5389270582023714,74
2025-08-27,BOVA11.SA,134.92999267578125,136.35000610351562,134.52000427246094,136.1999969482422,4390981.0,0.00933744244878798,-0.1515783739231881,0.05,0.5630776165322376,84
2025-08-28,BOVA11.SA,137.08999633789062,139.1999969482422,137.08999633789062,138.30999755859375,9155113.0,0.015491928470111382,-0.2499803799040177,-0.4572136104106903,0.5098305688883816,85
2025-08-29,BOVA11.SA,138.0,139.3800048828125,138.0,138.5,7865623.0,0.0013737433646165975,-0.1401679847711398,0.05,0.5869878565266964,81
2025-05-02,EMBR3.SA,64.66346944658365,66.59148596587004,63.92422839229081,66.05204010009766,2995500.0,,-0.2042806583933713,-0.417327657341957,0.5872834593190259,82
2025-05-05,EMBR3.SA,66.04205131991289,67.21084693940033,64.93319159222905,65.86223602294922,4580200.0,-0.0028735535929064193,-0.064029831400043,0.05,0.5968150612442864,76
2025-05-06,EMBR3.SA,66.03206250474672,67.20085817805499,62.375824316083225,66.39169311523438,12030800.0,0.008038856927066185,-0.0381921760737895,0.05,0.6425601992837874,80
2025-05-07,EMBR3.SA,66.54153967443409,67.8501908337171,65.80230237132912,67.28077697753906,4546000.0,0.013391492528463278,0.0166366724967956,0.05,0.6134754776598542,75
2025-05-08,EMBR3.SA,68.23978373704873,70.76718200559831,67.68036178334519,69.38860321044922,6107200.0,0.03132880337594535,0.1810091387534487,0.05,0.5419659661998616,69
2025-05-09,EMBR3.SA,69.42856993134897,70.01795988824794,67.03103505689101,67.63041687011719,3836700.0,-0.02533825814305002,0.0358230233192443,0.05,0.6003054327514431,83
2025-05-12,EMBR3.SA,68.42959181227411,68.57943915807137,66.4516236151661,68.03999328613281,3351300.0,0.006056097758530887,0.0853099163574508,0.05,0.5835529232989949,79
2025-05-13,EMBR3.SA,68.0199966430664,69.56999969482422,67.9800033569336,69.31999969482422,2978300.0,0.018812559303298615,-0.1415796971804387,0.05,0.6312844864748405,74
2025-05-14,EMBR3.SA,69.56999969482422,70.54000091552734,69.08999633789062,69.56999969482422,3587100.0,0.0036064627971812424,-0.0444136488437652,0.05,0.5664571664750314,80
2025-05-15,EMBR3.SA,69.0,70.19999694824219,68.69999694824219,69.8499984741211,2210000.0,0.004024705771526804,0.0497742593288421,0.05,0.6264061755899514,84
2025-05-16,EMBR3.SA,69.20999908447266,69.80999755859375,68.05999755859375,68.75,3849500.0,-0.01574800999499859,-0.1917457776864369,0.05,0.6032102544561841,75
2025-05-19,EMBR3.SA,68.81999969482422,70.76000213623047,68.69000244140625,70.6500015258789,3614600.0,0.027636385830965837,-0.1917682505448659,0.05,0.5414009811448814,75
2025-05-20,EMBR3.SA,70.69999694824219,70.80000305175781,68.5,68.77999877929688,3410500.0,-0.026468545027519275,-0.1210409664127924,0.05,0.5543624020308487,73
2025-05-21,EMBR3.SA,68.5999984741211,68.94000244140625,67.08000183105469,67.19000244140625,2484000.0,-0.023117132394733675,-0.2007592396438121,0.05,0.5094221180897864,40
2025-05-22,EMBR3.SA,66.97000122070312,67.88999938964844,66.62999725341797,67.02999877929688,2515300.0,-0.0023813611593318518,-0.2492010481082476,-0.5213594436645508,0.5439165049313581,78
2025-05-23,EMBR3.SA,67.0,67.33000183105469,65.97000122070312,67.12999725341797,3481400.0,0.0014918465752975507,-0.2694647185313396,-0.4837163984775543,0.536407013265461,39
2025-05-26,EMBR3.SA,67.12999725341797,67.5199966430664,66.69999694824219,67.0,1070600.0,-0.001936500204628766,-0.2611279706896087,-0.4713955223560333,0.513873332476145,81
2025-05-27,EMBR3.SA,67.81999969482422,68.55999755859375,67.52999877929688,68.4000015258789,3920000.0,0.020895545162371798,-0.1961248819704179,0.05,0.5494151054502018,77
2025-05-28,EMBR3.SA,68.37999725341797,68.66999816894531,66.45999908447266,66.9000015258789,3464900.0,-0.02192982407218924,-0.147664471467336,0.05,0.5523320343203898,84
2025-05-29,EMBR3.SA,66.5,67.16999816894531,65.62000274658203,66.43000030517578,3006900.0,-0.007025429147730522,-0.1527419132430378,0.05,0.5182290726883627,82
2025-05-30,EMBR3.SA,66.69999694824219,66.83000183105469,64.62000274658203,65.48999786376953,4928100.0,-0.01415027001487179,-0.242849413915114,-0.5353474020957947,0.5661329950496106,77
2025-06-02,EMBR3.SA,66.0,66.12999725341797,65.1500015258789,65.38999938964844,1997600.0,-0.001526927429881808,-0.1687929669471636,0.05,0.5384957843048761,73
2025-06-03,EMBR3.SA,65.37000274658203,66.16999816894531,64.80999755859375,64.80999755859375,1977600.0,-0.00886988586126991,-0.2201077720393305,0.05,0.5282434198818976,69
2025-06-04,EMBR3.SA,65.52999877929688,68.58000183105469,65.11000061035156,67.44000244140625,5281400.0,0.04058023425220392,-0.2026836536147377,-0.1796126872301101,0.5645050293710313,66
2025-06-05,EMBR3.SA,67.06999969482422,67.5,66.01000213623047,66.69999694824219,3089500.0,-0.0109727975441134,-0.2644152033787507,-0.1438603162765503,0.4766296674192889,78
2025-06-06,EMBR3.SA,66.98999786376953,66.98999786376953,64.41000366210938,64.51000213623047,5573400.0,-0.032833506929709544,-0.1903623272846271,0.05,0.540906403250371,77
2025-06-09,EMBR3.SA,64.02999877929688,67.86000061035156,63.90999984741211,67.5,5951700.0,0.046349368543738834,-0.2160405825409624,0.05,0.4871006636319214,72
2025-06-10,EMBR3.SA,67.87000274658203,67.87000274658203,65.72000122070312,65.86000061035156,4089300.0,-0.024296287254050974,-0.1439511987992695,0.05,0.6083658228507073,70
2025-06-11,EMBR3.SA,66.1500015258789,66.93000030517578,64.73999786376953,66.02999877929688,4083700.0,0.002581205092163197,-0.2080753698542311,-0.5211829543113708,0.5911926806591024,74
2025-06-12,EMBR3.SA,66.7300033569336,69.13999938964844,65.33999633789062,68.86000061035156,5046200.0,0.042859334898882606,-0.1684456537307148,0.05,0.5840140394954664,71
2025-06-13,EMBR3.SA,67.94999694824219,69.0999984741211,66.4000015258789,66.44000244140625,5881300.0,-0.035143743065571775,-0.2102663674137809,-0.413237452507019,0.6005714176816769,77
2025-06-16,EMBR3.SA,66.6500015258789,71.47000122070312,66.6500015258789,69.98999786376953,8552500.0,0.05343159680787246,-0.2241780963612765,-0.4595759361982345,0.576267130911941,82
2025-06-17,EMBR3.SA,69.5,70.43000030517578,68.52999877929688,70.0999984741211,5732500.0,0.0015716618618231148,-0.2056474822231486,0.05,0.5505732009279074,79
2025-06-18,EMBR3.SA,71.70999908447266,73.66999816894531,70.83999633789062,72.9000015258789,8983900.0,0.0399429830628526,-0.2150219477487333,0.05,0.4939246624971472,66
2025-06-20,EMBR3.SA,72.91000366210938,73.7699966430664,72.05999755859375,72.52999877929688,6674800.0,-0.005075483385973412,-0.2386130113106269,-0.4957641959190368,0.5804319200211191,77
2025-06-23,EMBR3.SA,72.16000366210938,73.04000091552734,70.37999725341797,73.04000091552734,3585500.0,0.0070316027135526316,-0.1411535323460896,0.05,0.5255664826098387,75
2025-06-24,EMBR3.SA,73.1500015258789,73.94999694824219,72.66000366210938,73.19000244140625,3043400.0,0.0020536900876053643,-0.1854962251981099,0.05,0.5567259338238291,75
2025-06-25,EMBR3.SA,72.76000213623047,73.52999877929688,72.16999816894531,73.08000183105469,3398400.0,-0.001502945848917303,-0.1697090753225179,0.05,0.5766560857933837,65
2025-06-26,EMBR3.SA,72.8499984741211,74.83999633789062,72.8499984741211,74.01000213623047,3427500.0,0.012725783824222514,-0.1600144594510396,0.05,0.5705052355374594,75
2025-06-27,EMBR3.SA,73.73999786376953,75.06999969482422,72.61000061035156,74.63999938964844,4211500.0,0.008512325837504164,-0.1253523718427728,0.05,0.5588799124115434,81
2025-06-30,EMBR3.SA,74.6500015258789,77.58000183105469,74.63999938964844,77.01000213623047,4984500.0,0.031752448632933916,-0.0028061662171338,0.05,0.594981825665161,74
2025-07-01,EMBR3.SA,78.0,81.30000305175781,77.9800033569336,80.41000366210938,7464600.0,0.044150128964602686,-0.0387927923351526,0.05,0.5641140479763636,64
2025-07-02,EMBR3.SA,80.69000244140625,80.7300033569336,78.9000015258789,79.62000274658203,6189600.0,-0.00982465961383372,-0.2375709094784476,-0.4607737064361572,0.5648054891752253,66
2025-07-03,EMBR3.SA,81.0,83.44999694824219,80.80000305175781,83.13999938964844,6251500.0,0.044209953801056745,-0.0525859242991397,0.05,0.579819531545086,76
2025-07-04,EMBR3.SA,82.97000122070312,83.70999908447266,82.27999877929688,83.48999786376953,2223400.0,0.004209748336426733,-0.1656600589483556,0.05,0.4907381727464983,71
2025-07-07,EMBR3.SA,83.4800033569336,83.94999694824219,81.3499984741211,81.7300033569336,6299700.0,-0.021080303651555,-0.2981928975217872,-0.5607186853885651,0.5306927777848433,72
2025-07-08,EMBR3.SA,81.8499984741211,83.55000305175781,80.83999633789062,81.1500015258789,4530100.0,-0.007096559491398646,-0.1808743180433909,0.05,0.5256105816041058,75
2025-07-09,EMBR3.SA,80.91000366210938,83.0999984741211,77.0999984741211,78.20999908447266,15038900.0,-0.03622923457948024,-0.3330392951170604,-0.5558238625526428,0.4631545435162025,75
2025-07-10,EMBR3.SA,72.55000305175781,76.27999877929688,71.62999725341797,75.31999969482422,23919700.0,-0.036951789074016195,-0.2654003801378044,-0.549200177192688,0.5330685549046588,74
2025-07-11,EMBR3.SA,75.30000305175781,75.37000274658203,72.9000015258789,74.30000305175781,10689800.0,-0.01354217534783786,-0.2522656444000871,-0.587086021900177,0.5432792249429168,73
2025-07-14,EMBR3.SA,73.98999786376953,75.12999725341797,73.01000213623047,73.63999938964844,7912200.0,-0.00888295605653766,-0.2501610483208747,-0.489202618598938,0.5166211312585834,73
2025-07-15,EMBR3.SA,74.30000305175781,76.0999984741211,73.01000213623047,74.05999755859375,9068700.0,0.005703397235556684,-0.2508984928399744,-0.5296580791473389,0.552925507961326,71
2025-07-16,EMBR3.SA,74.05999755859375,74.7300033569336,70.70999908447266,71.19999694824219,10288000.0,-0.03861734680842821,-0.1863019319487289,0.05,0.571841417693224,71
2025-07-17,EMBR3.SA,71.66999816894531,72.11000061035156,70.87000274658203,71.11000061035156,3934000.0,-0.0012639935638767419,-0.2523736978188539,-0.5504583716392517,0.5551549257123158,78
2025-07-18,EMBR3.SA,70.5,70.5,67.26000213623047,68.30000305175781,11392200.0,-0.03951620776930065,-0.3100045021990655,-0.5774415731430054,0.5355265863868551,71
2025-07-21,EMBR3.SA,67.94999694824219,70.0199966430664,66.83999633789062,68.12000274658203,5650700.0,-0.0026354362684197774,-0.2537362509790589,-0.5390523374080658,0.5835062267202485,68
2025-07-22,EMBR3.SA,69.62999725341797,69.75,67.33000183105469,67.66000366210938,6444800.0,-0.006752775483347073,-0.3342506437118236,-0.6384537220001221,0.4996488803683987,65
2025-07-23,EMBR3.SA,67.1500015258789,69.38999938964844,67.12000274658203,68.45999908447266,5026300.0,0.01182375671095759,-2.271665467155749e-05,0.05,0.6551304864802199,72
2025-07-24,EMBR3.SA,68.08999633789062,68.4800033569336,65.66000366210938,65.80000305175781,5087000.0,-0.038854748295171326,-0.2218080962449312,-0.403147742152214,0.5437239487929054,80
2025-07-25,EMBR3.SA,66.30000305175781,67.05999755859375,65.55999755859375,66.20999908447266,5506300.0,0.006230942457439381,-0.2579743669221275,-0.4301239550113678,0.4904352547255338,76
2025-07-28,EMBR3.SA,66.31999969482422,66.88999938964844,65.05999755859375,66.25,5764700.0,0.0006041521836650521,-0.0939768322416254,0.05,0.5241904322920397,74
2025-07-29,EMBR3.SA,67.01000213623047,70.04000091552734,66.44999694824219,68.73999786376953,11334000.0,0.037584873415389186,-0.1586960569233961,0.05,0.5518300617943082,71
2025-07-30,EMBR3.SA,69.16000366210938,76.76000213623047,66.9000015258789,76.25,18180100.0,0.10925228934562892,-0.0757279568835149,0.05,0.5851944132259016,79
2025-07-31,EMBR3.SA,77.47000122070312,82.8499984741211,77.16000366210938,80.66000366210938,18794600.0,0.05783611360143448,-0.157570571012986,0.05,0.5924566573242322,78
2025-08-01,EMBR3.SA,80.69999694824219,81.69000244140625,78.01000213623047,79.05000305175781,10074900.0,-0.01996033396050878,-0.1257942148267406,0.05,0.5428351984519814,73
2025-08-04,EMBR3.SA,79.7699966430664,80.31999969482422,78.5999984741211,80.0,4919400.0,0.012017671240571293,-0.160497707846653,-0.3649916052818298,0.5935099990162664,83
2025-08-05,EMBR3.SA,82.05999755859375,82.9000015258789,77.19999694824219,78.62000274658203,13313100.0,-0.01724996566772463,-0.1593373161156972,0.05,0.5920123522371828,75
2025-08-06,EMBR3.SA,80.0,83.16000366210938,77.6500015258789,77.87999725341797,9504000.0,-0.009412432807326954,,,,0
2025-08-07,EMBR3.SA,78.25,79.0999984741211,77.2699966430664,78.4000015258789,5052000.0,0.006676993975344825,-0.0126284619657004,0.05,0.6339133274548341,82
2025-08-08,EMBR3.SA,78.5,79.30999755859375,77.75,79.12000274658203,3970500.0,0.009183688860840977,-0.1078880592600091,0.05,0.5627503147751037,77
2025-08-11,EMBR3.SA,79.05000305175781,79.66999816894531,78.01000213623047,78.48999786376953,3292900.0,-0.007962649910799202,-0.0433206958301139,0.05,0.5793392594362173,66
2025-08-12,EMBR3.SA,79.01000213623047,80.05999755859375,78.5199966430664,79.25,2947800.0,0.009682789615430565,-0.2267084569523208,-0.5208126604557037,0.5967006299576955,76
2025-08-13,EMBR3.SA,79.41999816894531,79.69000244140625,77.97000122070312,79.20999908447266,3983700.0,-0.0005047434135941886,-0.0712100171181092,0.05,0.6176050555745278,83
2025-08-14,EMBR3.SA,78.77999877929688,81.19999694824219,78.5,80.69000244140625,5268700.0,0.018684552127759213,0.1275090160249155,0.05,0.6364497382257751,79
2025-08-15,EMBR3.SA,80.73999786376953,80.80999755859375,75.91999816894531,77.29000091552734,8655300.0,-0.04213658970140499,-0.1886905635197957,0.05,0.5578595992838818,75
2025-08-18,EMBR3.SA,77.4000015258789,79.05999755859375,76.20999908447266,78.41000366210938,5233600.0,0.014490913873919098,-0.0891635708118739,0.05,0.5746118498914502,76
2025-08-19,EMBR3.SA,77.69999694824219,77.80000305175781,76.44000244140625,77.0,4443800.0,-0.01798244606881383,-0.2162888858691755,0.05,0.4874151099269771,83
2025-08-20,EMBR3.SA,77.0,77.62000274658203,74.37000274658203,76.0999984741211,8350800.0,-0.01168833150492088,-0.231309741964707,0.05,0.5139317157474537,78
2025-08-21,EMBR3.SA,75.80000305175781,77.69000244140625,75.5199966430664,76.9800033569336,5106400.0,0.01156379632664195,-0.1277842475817753,0.05,0.5850167166503111,78
2025-08-22,EMBR3.SA,77.19999694824219,78.38999938964844,77.11000061035156,77.5999984741211,5092900.0,0.008053976229551063,-0.1456371745547732,0.05,0.5577840634297095,74
2025-08-25,EMBR3.SA,78.13999938964844,78.13999938964844,75.7300033569336,75.7300033569336,4065900.0,-0.02409787569533428,-0.1668244383335113,0.05,0.5446530394319523,75
2025-08-26,EMBR3.SA,75.80000305175781,76.61000061035156,75.30000305175781,76.4800033569336,4009400.0,0.00990360447318439,-0.116956033175056,0.05,0.5389270582023714,74
2025-08-27,EMBR3.SA,76.98999786376953,76.98999786376953,75.4000015258789,75.5999984741211,3123200.0,-0.011506339489885997,-0.1515783739231881,0.05,0.5630776165322376,84
2025-08-28,EMBR3.SA,76.0999984741211,76.62000274658203,75.58000183105469,76.20999908447266,3335600.0,0.008068791305073653,-0.2499803799040177,-0.4572136104106903,0.5098305688883816,85
2025-08-29,EMBR3.SA,75.88999938964844,76.52999877929688,75.0,76.19999694824219,5366900.0,-0.00013124440822231964,-0.1401679847711398,0.05,0.5869878565266964,81
2025-05-02,PETR4.SA,28.66624698587258,29.24526596069336,28.447926515861127,29.24526596069336,33146600.0,,-0.2042806583933713,-0.417327657341957,0.5872834593190259,82
2025-05-05,PETR4.SA,29.01745537411316,29.06491713371513,28.15367126464844,28.15367126464844,59011700.0,-0.037325517829520094,-0.064029831400043,0.05,0.5968150612442864,76
2025-05-06,PETR4.SA,28.58081635585387,28.84659495195912,28.438432895962176,28.618783950805664,52751300.0,0.016520498580277376,-0.0381921760737895,0.05,0.6425601992837874,80
2025-05-07,PETR4.SA,28.76116710082068,28.76116710082068,28.38148207908832,28.75167655944824,35050400.0,0.0046435449134041296,0.0166366724967956,0.05,0.6134754776598542,75
2025-05-08,PETR4.SA,29.036438345995627,29.454092753175757,28.90354904799868,29.15034294128418,44665000.0,0.013865848171032313,0.1810091387534487,0.05,0.5419659661998616,69
2025-05-09,PETR4.SA,29.520538131980462,29.596475134210447,29.08389901129736,29.340187072753903,25075600.0,0.006512586553513833,0.0358230233192443,0.05,0.6003054327514431,83
2025-05-12,PETR4.SA,30.27990780192857,30.536194049921896,30.042604446411133,30.042604446411133,53493600.0,0.023940453137380135,0.0853099163574508,0.05,0.5835529232989949,79
2025-05-13,PETR4.SA,30.1565106639707,30.61213266918265,29.75784095679001,30.49822807312012,56165300.0,0.01516591637458431,-0.1415796971804387,0.05,0.6312844864748405,74
2025-05-14,PETR4.SA,30.374829453384123,30.488734049965,30.090066151451012,30.289400100708008,28060100.0,-0.0068472165632522675,-0.0444136488437652,0.05,0.5664571664750314,80
2025-05-15,PETR4.SA,30.09006796256891,30.460260639459992,29.985653900684337,30.251434326171875,32468300.0,-0.0012534343502975664,0.0497742593288421,0.05,0.6264061755899514,84
2025-05-16,PETR4.SA,30.222955381951927,30.526703386115315,30.05209667698979,30.393814086914062,48111800.0,0.004706545785797989,-0.1917457776864369,0.05,0.6032102544561841,75
2025-05-19,PETR4.SA,30.2229570982814,30.46975100781863,30.090067791533507,30.355846405029297,30200500.0,-0.001249191094483626,-0.1917682505448659,0.05,0.5414009811448814,75
2025-05-20,PETR4.SA,30.422290122055003,30.76400754086754,30.32737022614571,30.47924423217773,33485800.0,0.004065043204593,-0.1210409664127924,0.05,0.5543624020308487,73
2025-05-21,PETR4.SA,30.57416285501241,30.745021557304312,30.080573261201344,30.13752555847168,28724100.0,-0.0112115205712775,-0.2007592396438121,0.05,0.5094221180897864,40
2025-05-22,PETR4.SA,30.03311293138943,30.042605283132207,29.624950858854707,29.73885726928711,42207300.0,-0.01322830198554592,-0.2492010481082476,-0.5213594436645508,0.5439165049313581,78
2025-05-23,PETR4.SA,29.511046006672448,29.80530166625977,29.302219701559025,29.80530166625977,25732400.0,0.0022342619412374365,-0.2694647185313396,-0.4837163984775543,0.536407013265461,39
2025-05-26,PETR4.SA,29.862254562860503,29.928701025820686,29.55850654553793,29.71038055419922,21277100.0,-0.0031847056313475397,-0.2611279706896087,-0.4713955223560333,0.513873332476145,81
2025-05-27,PETR4.SA,29.919207142042776,30.061588791562368,29.76733314115776,29.928699493408203,34361500.0,0.007348237724882578,-0.1961248819704179,0.05,0.5494151054502018,77
2025-05-28,PETR4.SA,30.061589387188924,30.109049334475504,29.833778381347656,29.833778381347656,30516200.0,-0.0031715748985836623,-0.147664471467336,0.05,0.5523320343203898,84
2025-05-29,PETR4.SA,29.881238128337667,29.900222831317414,29.473076066677656,29.65342712402344,20778800.0,-0.006045203360395379,-0.1527419132430378,0.05,0.5182290726883627,82
2025-05-30,PETR4.SA,29.567997552659406,29.681903959215493,29.3306941986084,29.3306941986084,45127700.0,-0.010883494985764464,-0.242849413915114,-0.5353474020957947,0.5661329950496106,77
2025-06-02,PETR4.SA,30.033113523850695,30.042605875780737,29.4351098361065,29.501554489135746,35111000.0,0.0058253067373854606,-0.1687929669471636,0.05,0.5384957843048761,73
2025-06-03,PETR4.SA,29.21717090370484,29.627854114993603,28.73804080137426,29.510517120361328,59828700.0,0.00030380199893809134,-0.2201077720393305,0.05,0.5282434198818976,69
2025-06-04,PETR4.SA,29.569185351337094,29.774527887650837,28.62070354894493,28.69892883300781,41952900.0,-0.02750166267989751,-0.2026836536147377,-0.1796126872301101,0.5645050293710313,66
2025-06-05,PETR4.SA,28.84560159307783,28.98249537670742,28.562033766944623,28.70870780944824,23774000.0,0.0003407436039628564,-0.2644152033787507,-0.1438603162765503,0.4766296674192889,78
2025-06-06,PETR4.SA,28.79671220891045,29.16828185878271,28.708708527223177,29.011831283569336,28069300.0,0.010558589962775589,-0.1903623272846271,0.05,0.540906403250371,77
2025-06-09,PETR4.SA,28.571812620798884,28.816266875523493,28.21979976222125,28.52292251586914,43834800.0,-0.016852047804961745,-0.2160405825409624,0.05,0.4871006636319214,72
2025-06-10,PETR4.SA,28.75759768318564,29.549628927184983,28.698929185677,29.383399963378903,46241800.0,0.030167927113044612,-0.1439511987992695,0.05,0.6083658228507073,70
2025-06-11,PETR4.SA,29.6278547392432,30.468777966990064,29.6278547392432,30.361217498779297,52432400.0,0.033277889441625685,-0.2080753698542311,-0.5211829543113708,0.5911926806591024,74
2025-06-12,PETR4.SA,30.116763616950795,31.202141111259447,30.048316723622857,31.045690536499023,51729500.0,0.022544321147438984,-0.1684456537307148,0.05,0.5840140394954664,71
2025-06-13,PETR4.SA,32.375521500017086,32.43418813282872,31.45637113182585,31.808385848999023,74902600.0,0.02456686578136602,-0.2102663674137809,-0.413237452507019,0.6005714176816769,77
2025-06-16,PETR4.SA,31.808386453648964,32.19951475351546,31.358591519855636,31.495485305786133,45972200.0,-0.00983704563627641,-0.2241780963612765,-0.4595759361982345,0.576267130911941,82
2025-06-17,PETR4.SA,31.661714436499015,32.355963587864395,31.65193417798643,32.20928955078125,57633400.0,0.022663700465792802,-0.2056474822231486,0.05,0.5505732009279074,79
2025-06-18,PETR4.SA,32.22884844904446,32.47330270681345,31.769276980890425,32.17995834350586,49342900.0,-0.0009106443415693999,-0.2150219477487333,0.05,0.4939246624971472,66
2025-06-20,PETR4.SA,32.00394959938305,32.424411203019986,31.90616939252246,32.09195327758789,85062700.0,-0.0027347787395669565,-0.2386130113106269,-0.4957641959190368,0.5804319200211191,77
2025-06-23,PETR4.SA,32.55152879054958,32.600418894482345,31.104358214662057,31.290143966674805,54592400.0,-0.024984746300034222,-0.1411535323460896,0.05,0.5255664826098387,75
2025-06-24,PETR4.SA,30.595894664353622,31.133693265510864,30.449220623094455,30.67411994934082,48728300.0,-0.01968747788409264,-0.1854962251981099,0.05,0.5567259338238291,75
2025-06-25,PETR4.SA,30.62522823753484,30.840349171833022,30.517667770385746,30.517667770385746,23127700.0,-0.005100461862099337,-0.1697090753225179,0.05,0.5766560857933837,65
2025-06-26,PETR4.SA,30.65456260131952,30.89901684556443,30.61544902702215,30.762121200561523,17227000.0,0.008010226469959525,-0.1600144594510396,0.05,0.5705052355374594,75
2025-06-27,PETR4.SA,30.693675129343195,30.75234549235429,30.449220878577385,30.517667770385746,16482100.0,-0.00794657262358478,-0.1253523718427728,0.05,0.5588799124115434,81
2025-06-30,PETR4.SA,30.51766805177761,30.791457486573485,30.410109448674685,30.683897018432617,23091100.0,0.0054469839994844005,-0.0028061662171338,0.05,0.594981825665161,74
2025-07-01,PETR4.SA,30.75234451347633,30.869681505687733,30.56655876659745,30.79145622253418,17014100.0,0.0035053958119122264,-0.0387927923351526,0.05,0.5641140479763636,64
2025-07-02,PETR4.SA,30.87945982257424,31.524820738286717,30.781677752615508,31.33903312683105,28311600.0,0.01778340395268918,-0.2375709094784476,-0.4607737064361572,0.5648054891752253,66
2025-07-03,PETR4.SA,31.29014366913859,31.67149169829409,31.231475171969567,31.44659423828125,14322300.0,0.0034321770877516755,-0.0525859242991397,0.05,0.579819531545086,76
2025-07-04,PETR4.SA,31.2901432471127,31.59326785264637,31.26080806640489,31.407480239868164,9356900.0,-0.0012438230390453553,-0.1656600589483556,0.05,0.4907381727464983,71
2025-07-07,PETR4.SA,31.407480642712457,31.544374424362307,31.192361576542996,31.34881401062012,17938800.0,-0.00186790626946165,-0.2981928975217872,-0.5607186853885651,0.5306927777848433,72
2025-07-08,PETR4.SA,31.358590390917467,31.867055670408323,31.31947681632376,31.798608779907227,28778300.0,0.0143480633473001,-0.1808743180433909,0.05,0.5256105816041058,75
2025-07-09,PETR4.SA,31.847498755001357,31.906169116655903,31.348813736202825,31.60304450988769,22338900.0,-0.0061500888725392056,-0.3330392951170604,-0.5558238625526428,0.4631545435162025,75
2025-07-10,PETR4.SA,31.29992103897466,31.710606125308512,31.016355074172075,31.524822235107425,23102800.0,-0.0024751499734714244,-0.2654003801378044,-0.549200177192688,0.5330685549046588,74
2025-07-11,PETR4.SA,31.485708281146803,31.97461678324512,31.43681817695214,31.906169891357425,23946700.0,0.012096742478227673,-0.2522656444000871,-0.587086021900177,0.5432792249429168,73
2025-07-14,PETR4.SA,31.906169846311336,32.04306362989346,31.40748108603264,31.485708236694336,24106300.0,-0.013178067317223818,-0.2501610483208747,-0.489202618598938,0.5166211312585834,73
2025-07-15,PETR4.SA,31.524822640001133,31.661716427178668,31.104359154303047,31.241254806518555,18688300.0,-0.007763948910982088,-0.2508984928399744,-0.5296580791473389,0.552925507961326,71
2025-07-16,PETR4.SA,31.19236122692369,31.241253194849133,30.77189962795429,31.08480262756348,27588900.0,-0.005007871160233601,-0.1863019319487289,0.05,0.571841417693224,71
2025-07-17,PETR4.SA,31.06524639467499,31.06524639467499,30.70345328572295,30.771900177001957,27497600.0,-0.010066090954814921,-0.2523736978188539,-0.5504583716392517,0.5551549257123158,78
2025-07-18,PETR4.SA,30.703454192981347,30.899018343875444,29.92120131948089,30.302549362182617,57635000.0,-0.015252578232725411,-0.3100045021990655,-0.5774415731430054,0.5355265863868551,71
2025-07-21,PETR4.SA,30.204766925947965,30.586116829132536,30.087429928843434,30.361217498779297,16412000.0,0.001936079235296928,-0.2537362509790589,-0.5390523374080658,0.5835062267202485,68
2025-07-22,PETR4.SA,30.36121767922792,30.879461370460547,30.302549180326967,30.654563903808597,24557100.0,0.009661878843992167,-0.3342506437118236,-0.6384537220001221,0.4996488803683987,65
2025-07-23,PETR4.SA,30.65456271936957,31.31947669964449,30.60567075130958,31.28036499023437,27418600.0,0.020414613901847956,-2.271665467155749e-05,0.05,0.6551304864802199,72
2025-07-24,PETR4.SA,31.22169743617092,31.309701116297813,30.947908001883032,31.231475830078125,17856300.0,-0.0015629344533386602,-0.2218080962449312,-0.403147742152214,0.5437239487929054,80
2025-07-25,PETR4.SA,31.28036631516876,31.466152071590237,31.20214102799729,31.270587921142575,13341000.0,0.0012523292615835846,-0.2579743669221275,-0.4301239550113678,0.4904352547255338,76
2025-07-28,PETR4.SA,31.446593792004645,31.710604823075368,30.9772420912375,31.30970001220703,27972800.0,0.0012507628946116789,-0.0939768322416254,0.05,0.5241904322920397,74
2025-07-29,PETR4.SA,31.475928436165997,31.87683326395541,31.28036615177781,31.720382690429688,33284000.0,0.013116787387376316,-0.1586960569233961,0.05,0.5518300617943082,71
2025-07-30,PETR4.SA,31.583488925491316,32.101734481320584,31.55415560858479,32.04306411743164,27110400.0,0.01017268392223114,-0.0757279568835149,0.05,0.5851944132259016,79
2025-07-31,PETR4.SA,31.73016306933416,32.023507429543805,31.700826022260053,31.91594696044922,23544900.0,-0.003967072453388454,-0.157570571012986,0.05,0.5924566573242322,78
2025-08-01,PETR4.SA,32.07239749654746,32.17995796551455,31.329258202892216,31.495485305786133,24191800.0,-0.01317403037372289,-0.1257942148267406,0.05,0.5428351984519814,73
2025-08-04,PETR4.SA,31.495484341749123,31.554154703956044,31.251030094333977,31.44659423828125,15215600.0,-0.0015523198652189762,-0.160497707846653,-0.3649916052818298,0.5935099990162664,83
2025-08-05,PETR4.SA,31.417261985641986,31.69104955838998,31.31947804532061,31.59326934814453,20635500.0,0.004664260579440693,-0.1593373161156972,0.05,0.5920123522371828,75
2025-08-06,PETR4.SA,31.876831868070774,32.20928978851412,31.47592705783695,31.63237762451172,32854600.0,0.0012378673424466857,,,,0
2025-08-07,PETR4.SA,31.91594631592147,32.12128699091387,31.71060564092907,31.808385848999023,21111400.0,0.005564179416943871,-0.0126284619657004,0.05,0.6339133274548341,82
2025-08-08,PETR4.SA,30.80123644044146,31.33903506084668,29.852754592895508,29.852754592895508,107235300.0,-0.06148162517228317,-0.1078880592600091,0.05,0.5627503147751037,77
2025-08-11,PETR4.SA,30.028759585187785,30.34166259609611,29.90164419406717,30.038537979125977,28045800.0,0.006223324740514347,-0.0433206958301139,0.05,0.5793392594362173,66
2025-08-12,PETR4.SA,30.10698563271313,30.57633733430824,29.970089987636143,30.116762161254883,37973300.0,0.002604127477284779,-0.2267084569523208,-0.5208126604557037,0.5967006299576955,76
2025-08-13,PETR4.SA,30.116762234375283,30.175432595995527,29.73541420903311,29.891864776611328,38340700.0,-0.007467515380285006,-0.0712100171181092,0.05,0.6176050555745278,83
2025-08-14,PETR4.SA,30.048315720008045,30.048315720008045,29.354066550826364,29.510517120361328,43087500.0,-0.012757573309657877,0.1275090160249155,0.05,0.6364497382257751,79
2025-08-15,PETR4.SA,29.43229125423109,29.54962824654566,29.080276547211646,29.5007381439209,55416100.0,-0.000331372588306289,-0.1886905635197957,0.05,0.5578595992838818,75
2025-08-18,PETR4.SA,29.57896487576099,29.872309235951704,29.35406740861225,29.686525344848636,31498100.0,0.0062977136375830245,-0.0891635708118739,0.05,0.5746118498914502,76
2025-08-19,PETR4.SA,29.53007346145728,29.55940677715302,29.187837146383323,29.37362289428711,39294300.0,-0.01054021805943095,-0.2162888858691755,0.05,0.4874151099269771,83
2025-08-20,PETR4.SA,29.451849002983455,29.686524860313305,29.43229221527982,29.54962921142578,23706600.0,0.0059919853186685135,-0.231309741964707,0.05,0.5139317157474537,78
2025-08-21,PETR4.SA,29.54962947424001,29.75497201687865,29.34428879663933,29.618078231811523,23327000.0,0.0023164087744043105,-0.1277842475817753,0.05,0.5850167166503111,78
2025-08-22,PETR4.SA,29.88999938964844,30.46999931335449,29.799999237060547,30.46999931335449,49813600.0,0.02876355025046662,-0.1456371745547732,0.05,0.5577840634297095,74
2025-08-25,PETR4.SA,30.46999931335449,30.780000686645508,30.420000076293945,30.649999618530277,21075300.0,0.005907460099511708,-0.1668244383335113,0.05,0.5446530394319523,75
2025-08-26,PETR4.SA,30.479999542236328,30.57999992370605,30.229999542236328,30.43000030517578,21789700.0,-0.007177791715908821,-0.116956033175056,0.05,0.5389270582023714,74
2025-08-27,PETR4.SA,30.450000762939453,30.68000030517578,30.36000061035156,30.65999984741211,16349100.0,0.007558315475836741,-0.1515783739231881,0.05,0.5630776165322376,84
2025-08-28,PETR4.SA,30.780000686645508,31.1299991607666,30.709999084472656,30.93000030517578,25802500.0,0.008806277205068547,-0.2499803799040177,-0.4572136104106903,0.5098305688883816,85
2025-08-29,PETR4.SA,30.93000030517578,31.350000381469727,30.850000381469727,31.100000381469727,27713400.0,0.005496284339366664,-0.1401679847711398,0.05,0.5869878565266964,81
2025-05-02,VALE3.SA,51.45444890704808,51.744281655548,50.768519264401455,51.01004409790039,17135800.0,,-0.2042806583933713,-0.417327657341957,0.5872834593190259,82
2025-05-05,VALE3.SA,51.106655844853016,51.28055401844923,50.942417042955945,51.16461944580078,12201600.0,0.003030292379354149,-0.064029831400043,0.05,0.5968150612442864,76
2025-05-06,VALE3.SA,51.19360295777486,51.76360168583462,51.125972616982665,51.20326232910156,12065000.0,0.0007552657230591731,-0.0381921760737895,0.05,0.6425601992837874,80
2025-05-07,VALE3.SA,51.73461746293859,51.73461746293859,50.8747896642139,51.10665512084961,11240100.0,-0.0018867393181126735,0.0166366724967956,0.05,0.6134754776598542,75
2025-05-08,VALE3.SA,51.1066555167784,51.49309303366315,50.88444942998355,50.95207977294922,15414600.0,-0.0030245639738087915,0.1810091387534487,0.05,0.5419659661998616,69
2025-05-09,VALE3.SA,51.20326486209996,51.280554578042334,50.72987456539413,51.15496063232422,15558800.0,0.003981797411981347,0.0358230233192443,0.05,0.6003054327514431,83
2025-05-12,VALE3.SA,52.710379237585705,53.32868220113194,52.43986892700195,52.43986892700195,26482400.0,0.0251179607763361,0.0853099163574508,0.05,0.5835529232989949,79
2025-05-13,VALE3.SA,52.64275372694394,53.550885763744034,52.29495738103603,53.29969787597656,21187200.0,0.016396474029550356,-0.1415796971804387,0.05,0.6312844864748405,74
2025-05-14,VALE3.SA,53.6185107936474,53.80206833269197,52.98088540730016,53.03885269165039,16297800.0,-0.004893933637919234,-0.0444136488437652,0.05,0.5664571664750314,80
2025-05-15,VALE3.SA,53.13546406015182,53.763430109558776,52.98088831211917,53.57020950317383,13955400.0,0.010018256137864778,0.0497742593288421,0.05,0.6264061755899514,84
2025-05-16,VALE3.SA,53.32868270180724,53.78274687190027,52.9519045601949,53.60885238647461,18163800.0,0.0007213502366179014,-0.1917457776864369,0.05,0.6032102544561841,75
2025-05-19,VALE3.SA,53.13546193991625,53.58952979399597,53.00986799797106,53.46393585205078,14475200.0,-0.002703220232716408,-0.1917682505448659,0.05,0.5414009811448814,75
2025-05-20,VALE3.SA,53.454275922700205,53.64749283398242,53.22241046963465,53.473594665527344,10499200.0,0.00018066035211639075,-0.1210409664127924,0.05,0.5543624020308487,73
2025-05-21,VALE3.SA,53.280379038424456,53.42529172537885,52.59444571948515,52.78766632080078,14486300.0,-0.012827421627758184,-0.2007592396438121,0.05,0.5094221180897864,40
2025-05-22,VALE3.SA,52.768345386503206,52.78766781571961,52.1403830211644,52.39156723022461,18476000.0,-0.007503629506350973,-0.2492010481082476,-0.5213594436645508,0.5439165049313581,78
2025-05-23,VALE3.SA,52.16936413237899,52.59444651338875,51.77326355212228,52.478515625,14747300.0,0.001659587589607936,-0.2694647185313396,-0.4837163984775543,0.536407013265461,39
2025-05-26,VALE3.SA,52.111397083691855,52.25631345887257,51.976143765724,52.17902374267578,7194500.0,-0.005706942712791707,-0.2611279706896087,-0.4713955223560333,0.513873332476145,81
2025-05-27,VALE3.SA,52.169361505127625,52.37224147093503,51.80224274411211,52.01478576660156,17943000.0,-0.0031475862194004778,-0.1961248819704179,0.05,0.5494151054502018,77
2025-05-28,VALE3.SA,51.9181797832844,51.96648401286495,51.38682220176874,51.599365234375,17700600.0,-0.007986585469958896,-0.147664471467336,0.05,0.5523320343203898,84
2025-05-29,VALE3.SA,51.9085147412846,52.05343110986151,51.52207723404005,51.63800811767578,10246100.0,0.0007489022999653816,-0.1527419132430378,0.05,0.5182290726883627,82
2025-05-30,VALE3.SA,51.541398751890334,51.58004361030839,50.285470336316095,50.33377456665039,28286100.0,-0.025257239745832716,-0.242849413915114,-0.5353474020957947,0.5661329950496106,77
2025-06-02,VALE3.SA,50.797505412575376,50.9617405325146,50.48835023112082,50.77818298339844,19267700.0,0.00882922889400195,-0.1687929669471636,0.05,0.5384957843048761,73
2025-06-03,VALE3.SA,50.16953699246556,50.85546661164019,50.11156970767388,50.74919509887695,12824900.0,-0.0005708728201432312,-0.2201077720393305,0.05,0.5282434198818976,69
2025-06-04,VALE3.SA,50.83614366027633,51.52207695776912,50.83614366027633,50.98106002807617,11714700.0,0.004568839540163516,-0.2026836536147377,-0.1796126872301101,0.5645050293710313,66
2025-06-05,VALE3.SA,51.20326301894321,51.84088841100933,51.07766907774608,51.11631393432617,12594000.0,0.0026530226357692754,-0.2644152033787507,-0.1438603162765503,0.4766296674192889,78
2025-06-06,VALE3.SA,51.34817968618077,51.657331169861465,50.92309363208751,51.18394088745117,16638900.0,0.0013230013653153794,-0.1903623272846271,0.05,0.540906403250371,77
2025-06-09,VALE3.SA,51.09699157421155,51.48343276977539,50.83614432001242,51.48343276977539,13029200.0,0.005851286109109344,-0.2160405825409624,0.05,0.4871006636319214,72
2025-06-10,VALE3.SA,51.49309318923002,52.04376950862118,51.30953564455845,51.83123016357422,18890600.0,0.006755520661454684,-0.1439511987992695,0.05,0.6083658228507073,70
2025-06-11,VALE3.SA,51.98580654634316,51.98580654634316,51.19360538642364,51.37716293334961,13639700.0,-0.008760494952398723,-0.2080753698542311,-0.5211829543113708,0.5911926806591024,74
2025-06-12,VALE3.SA,51.10665482439766,51.24190813774376,50.69123182747669,51.03902816772461,11136800.0,-0.006581421517253716,-0.1684456537307148,0.05,0.5840140394954664,71
2025-06-13,VALE3.SA,50.304791350478126,50.72987372498969,50.198519835506126,50.36275863647461,13264900.0,-0.013250047180123459,-0.2102663674137809,-0.413237452507019,0.6005714176816769,77
2025-06-16,VALE3.SA,50.53665557868776,52.21766629251793,50.53665557868776,52.005126953125,41210000.0,0.032610769566957964,-0.2241780963612765,-0.4595759361982345,0.576267130911941,82
2025-06-17,VALE3.SA,51.81190940971822,52.06309362030304,49.63818586226197,49.66716766357422,43657300.0,-0.04495632308826225,-0.2056474822231486,0.05,0.5505732009279074,79
2025-06-18,VALE3.SA,51.81190642175827,52.06309061785745,49.34835394712135,49.5029296875,20499000.0,-0.0033067715313807033,-0.2150219477487333,0.05,0.4939246624971472,66
2025-06-20,VALE3.SA,49.5029308873556,49.54157205935458,48.22767639160156,48.22767639160156,39947200.0,-0.02576116815608298,-0.2386130113106269,-0.4957641959190368,0.5804319200211191,77
2025-06-23,VALE3.SA,48.324287519084486,48.83631896972656,48.14072997847493,48.83631896972656,17288800.0,0.012620192878108227,-0.1411535323460896,0.05,0.5255664826098387,75
2025-06-24,VALE3.SA,49.01988075589655,49.0295401274595,48.440218956956905,48.82666015625,18576300.0,-0.00019777931015951822,-0.1854962251981099,0.05,0.5567259338238291,75
2025-06-25,VALE3.SA,48.54648962078146,48.8846229002085,48.03445817325583,48.76869201660156,23319900.0,-0.0011872231166935032,-0.1697090753225179,0.05,0.5766560857933837,65
2025-06-26,VALE3.SA,49.11648850437212,50.5269925963011,49.11648850437212,50.23716354370117,40488400.0,0.030110947543963595,-0.1600144594510396,0.05,0.5705052355374594,75
2025-06-27,VALE3.SA,50.420723205289406,51.29021408505071,50.15021656953101,51.07767105102539,26016900.0,0.016730791470602524,-0.1253523718427728,0.05,0.5588799124115434,81
2025-06-30,VALE3.SA,51.00038469519096,51.23224647139846,50.66224771727165,50.86513137817383,19961900.0,-0.0041611073582278335,-0.0028061662171338,0.05,0.594981825665161,74
2025-07-01,VALE3.SA,50.8168221841784,51.88919300693264,50.72021372741958,51.55105972290039,21844300.0,0.013485236863477246,-0.0387927923351526,0.05,0.5641140479763636,64
2025-07-02,VALE3.SA,51.985807010469,53.81173418037493,51.97614395322128,53.42529296875,63100200.0,0.03635683254474453,-0.2375709094784476,-0.4607737064361572,0.5648054891752253,66
2025-07-03,VALE3.SA,53.61851139342766,53.98563016099976,52.96156357161501,53.17410659790039,18256300.0,-0.004701637686788884,-0.0525859242991397,0.05,0.579819531545086,76
2025-07-04,VALE3.SA,53.164443148870966,53.32868194580078,52.893936524958725,53.32868194580078,5449600.0,0.0029069665254422006,-0.1656600589483556,0.05,0.4907381727464983,71
2025-07-07,VALE3.SA,53.183767995900936,53.30936194216216,52.36258503003283,52.546142578125,13174500.0,-0.014673892905718078,-0.2981928975217872,-0.5607186853885651,0.5306927777848433,72
2025-07-08,VALE3.SA,52.671734710638255,53.70546067529421,52.517158968784365,52.72970199584961,26632000.0,0.003493299578588349,-0.1808743180433909,0.05,0.5256105816041058,75
2025-07-09,VALE3.SA,52.84563321231822,52.84563321231822,51.927838126952615,52.2080078125,12209400.0,-0.009893744201146304,-0.3330392951170604,-0.5558238625526428,0.4631545435162025,75
2025-07-10,VALE3.SA,53.46393499669034,55.18359055809471,53.32868168539467,53.40596771240234,46597200.0,0.022945903322047823,-0.2654003801378044,-0.549200177192688,0.5330685549046588,74
2025-07-11,VALE3.SA,53.32868377278958,54.31410553199905,53.14512254138079,54.1015625,18313200.0,0.01302466404772451,-0.2522656444000871,-0.587086021900177,0.5432792249429168,73
2025-07-14,VALE3.SA,53.96630693878825,54.01461116622169,53.009867019950256,53.48325729370117,15141300.0,-0.011428601647111902,-0.2501610483208747,-0.489202618598938,0.5166211312585834,73
2025-07-15,VALE3.SA,53.06783444048192,53.48325743115456,51.70563458525053,52.08241271972656,25029100.0,-0.02619220752172824,-0.2508984928399744,-0.5296580791473389,0.552925507961326,71
2025-07-16,VALE3.SA,52.26597245800417,52.6717360943908,52.08241491141052,52.55580520629883,26394100.0,0.009089296402602365,-0.1863019319487289,0.05,0.571841417693224,71
2025-07-17,VALE3.SA,52.55580632997228,52.93258448835928,52.28529600480537,52.45919418334961,20252800.0,-0.0018382559751485283,-0.2523736978188539,-0.5504583716392517,0.5551549257123158,78
2025-07-18,VALE3.SA,52.21766783411996,52.92291989986688,52.14038180443439,52.71038055419922,23714000.0,0.004788223966454508,-0.3100045021990655,-0.5774415731430054,0.5355265863868551,71
2025-07-21,VALE3.SA,53.57020987368715,54.89376495570701,53.46393835517158,54.14986801147461,40484000.0,0.027309373260836933,-0.2537362509790589,-0.5390523374080658,0.5835062267202485,68
2025-07-22,VALE3.SA,55.01935868040284,56.00478045894643,54.98071382193999,55.55071258544922,40945900.0,0.02586976894713322,-0.3342506437118236,-0.6384537220001221,0.4996488803683987,65
2025-07-23,VALE3.SA,55.50240849075667,55.937153936085366,55.06766304542799,55.47342300415039,17914800.0,-0.0013913337507586165,-2.271665467155749e-05,0.05,0.6551304864802199,72
2025-07-24,VALE3.SA,55.0096946338556,55.34783161126004,54.38173227932132,54.61359405517578,21651200.0,-0.01549983582066461,-0.2218080962449312,-0.403147742152214,0.5437239487929054,80
2025-07-25,VALE3.SA,54.27546048052026,54.37206893906048,53.39631024044906,53.81173324584961,21918900.0,-0.014682439843018869,-0.2579743669221275,-0.4301239550113678,0.4904352547255338,76
2025-07-28,VALE3.SA,53.07749602991301,53.444614808369685,52.78766696707941,53.2900390625,19175100.0,-0.009694803565723165,-0.0939768322416254,0.05,0.5241904322920397,74
2025-07-29,VALE3.SA,53.66681515416592,53.81173152271224,52.91325888262824,52.96156311035156,14648700.0,-0.006163927779508471,-0.1586960569233961,0.05,0.5518300617943082,71
2025-07-30,VALE3.SA,52.47851298217976,52.83596868651323,51.52207675172982,52.01478576660156,35607800.0,-0.01787668807616727,-0.0757279568835149,0.05,0.5851944132259016,79
2025-07-31,VALE3.SA,51.2129252980812,51.80224649556987,50.59462229920016,51.64767074584961,20790000.0,-0.0070578973909314335,-0.157570571012986,0.05,0.5924566573242322,78
2025-08-01,VALE3.SA,52.401227650362834,53.038853040908805,51.75393920300669,51.92783737182617,40510900.0,0.005424574272772542,-0.1257942148267406,0.05,0.5428351984519814,73
2025-08-04,VALE3.SA,52.5461416924919,52.55580474955187,51.98580600043668,52.34326171875,16198100.0,0.008000031735371671,-0.160497707846653,-0.3649916052818298,0.5935099990162664,83
2025-08-05,VALE3.SA,52.33359836615167,53.10648077002058,52.275634765625,52.275634765625,21037600.0,-0.0012919896640827266,-0.1593373161156972,0.05,0.5920123522371828,75
2025-08-06,VALE3.SA,52.66207408524053,52.75868623172019,51.90851776958196,51.94716262817383,17954300.0,-0.006283465306999303,,,,0
2025-08-07,VALE3.SA,52.265972989775605,52.64275482931686,52.07275606944863,52.32394027709961,20298800.0,0.0072530939104926695,-0.0126284619657004,0.05,0.6339133274548341,82
2025-08-08,VALE3.SA,52.36258448617552,53.81173348292183,52.35292142905304,53.51224136352539,24205600.0,0.022710466377966254,-0.1078880592600091,0.05,0.5627503147751037,77
2025-08-11,VALE3.SA,53.59918972506098,54.09190244109468,53.42529155297573,53.45427703857422,22304000.0,-0.0010831974791973842,-0.0433206958301139,0.05,0.5793392594362173,66
2025-08-12,VALE3.SA,54.05325896342461,54.26579831277155,53.8117341277394,54.01461410522461,25851300.0,0.010482548781756584,-0.2267084569523208,-0.5208126604557037,0.5967006299576955,76
2025-08-13,VALE3.SA,54.29999923706055,54.5,53.93999862670898,54.09000015258789,19720000.0,0.0013956602044109534,-0.0712100171181092,0.05,0.6176050555745278,83
2025-08-14,VALE3.SA,53.54999923706055,53.61000061035156,53.08000183105469,53.41999816894531,42823200.0,-0.012386799440793128,0.1275090160249155,0.05,0.6364497382257751,79
2025-08-15,VALE3.SA,53.459999084472656,53.58000183105469,53.0,53.31999969482422,34201900.0,-0.001871929568489361,-0.1886905635197957,0.05,0.5578595992838818,75
2025-08-18,VALE3.SA,53.09999847412109,53.709999084472656,53.02999877929688,53.20000076293945,12733400.0,-0.0022505426213723645,-0.0891635708118739,0.05,0.5746118498914502,76
2025-08-19,VALE3.SA,53.5099983215332,53.68000030517578,53.0,53.2400016784668,17724400.0,0.0007518968976258922,-0.2162888858691755,0.05,0.4874151099269771,83
2025-08-20,VALE3.SA,52.900001525878906,53.27000045776367,52.86000061035156,53.0,9687300.0,-0.004507920189714576,-0.231309741964707,0.05,0.5139317157474537,78
2025-08-21,VALE3.SA,53.02000045776367,53.52999877929688,52.95000076293945,53.45000076293945,10813800.0,0.008490580432819916,-0.1277842475817753,0.05,0.5850167166503111,78
2025-08-22,VALE3.SA,53.43000030517578,54.88999938964844,53.310001373291016,54.790000915527344,20706700.0,0.02507016152405761,-0.1456371745547732,0.05,0.5577840634297095,74
2025-08-25,VALE3.SA,55.16999816894531,55.400001525878906,54.7400016784668,54.91999816894531,10397400.0,0.0023726455784951472,-0.1668244383335113,0.05,0.5446530394319523,75
2025-08-26,VALE3.SA,54.81999969482422,55.40999984741211,54.68000030517578,55.40999984741211,18891500.0,0.00892209932271748,-0.116956033175056,0.05,0.5389270582023714,74
2025-08-27,VALE3.SA,55.220001220703125,55.52999877929688,55.119998931884766,55.380001068115234,8789100.0,-0.0005413964876282984,-0.1515783739231881,0.05,0.5630776165322376,84
2025-08-28,VALE3.SA,56.0,56.18999862670898,55.33000183105469,55.400001525878906,22059500.0,0.0003611494651123426,-0.2499803799040177,-0.4572136104106903,0.5098305688883816,85
2025-08-29,VALE3.SA,55.4900016784668,55.83000183105469,55.45000076293945,55.560001373291016,13885400.0,0.0028880838087588234,-0.1401679847711398,0.05,0.5869878565266964,81
